Episode,Reward,Length,Epsilon,Kills
1,-45.52730762572428,250,0.995,0
2,22.33966312188582,285,0.990025,0
3,-47.985247350887775,300,0.985074875,0
4,8.697477769499397,273,0.980149500625,1
5,17.359216041044725,300,0.975248753121875,0
6,-66.6496006669394,264,0.9703725093562656,2
7,-25.357381195711262,295,0.9655206468094842,1
8,-57.36860768227605,267,0.9606930435754368,0
9,-80,283,0.9558895783575596,0
10,-43.3963931651852,286,0.9511101304657719,1
11,-18.920546779045765,279,0.946354579813443,0
12,-17.01765177794309,265,0.9416228069143757,0
13,-47.94683980181806,300,0.9369146928798039,0
14,-26.368751982117754,227,0.9322301194154049,0
15,-39.18646014232206,291,0.9275689688183278,0
16,-39.471434212713646,277,0.9229311239742362,0
17,-46.69210282256813,280,0.918316468354365,0
18,-80,285,0.9137248860125932,0
19,-46.64679263004055,271,0.9091562615825302,0
20,2.202754838472387,279,0.9046104802746175,2
21,26.139432960571124,300,0.9000874278732445,1
22,19.780110044146532,285,0.8955869907338783,0
23,-18.247809824707964,249,0.8911090557802088,2
24,1.54765085440037,275,0.8866535105013078,0
25,-35.32944934795206,268,0.8822202429488012,0
26,-59.55093696656009,261,0.8778091417340572,0
27,-34.12078324725273,264,0.873420096025387,0
28,-13.38621677664058,243,0.86905299554526,0
29,32.092499069822935,273,0.8647077305675337,0
30,-14.083551035858946,233,0.8603841919146961,0
31,-78.82791912857581,291,0.8560822709551226,0
32,-10.125354605283208,300,0.8518018596003469,0
33,-57.51241929333166,290,0.8475428503023452,0
34,-28.282941223887846,269,0.8433051360508335,0
35,2.0663197168804075,290,0.8390886103705792,1
36,-7.343600014690011,278,0.8348931673187264,1
37,-57.57148854362034,252,0.8307187014821328,0
38,-4.840653098840349,265,0.826565107974722,1
39,-11.939176418660017,288,0.8224322824348484,1
40,-24.238680967635958,269,0.8183201210226743,0
41,-24.279416917064086,260,0.8142285204175609,0
42,6.132235504229943,256,0.810157377815473,0
43,8.026448779824587,283,0.8061065909263957,1
44,-26.15044688565511,245,0.8020760579717637,0
45,-15.41276017097471,273,0.7980656776819048,0
46,5.225637193318711,277,0.7940753492934953,1
47,-5.605486862836097,238,0.7901049725470278,0
48,-24.893427889146658,263,0.7861544476842928,0
49,-56.584333693877966,284,0.7822236754458712,1
50,8.734334325176153,266,0.7783125570686419,0
51,42.915247365701525,279,0.7744209942832987,0
52,18.303802177688787,276,0.7705488893118821,0
53,24.07235947007252,256,0.7666961448653228,0
54,4.237457006292839,262,0.7628626641409961,0
55,-17.86919960450834,295,0.7590483508202912,1
56,-21.38498329628679,244,0.7552531090661897,1
57,-25.1934886165729,294,0.7514768435208588,0
58,8.662810446140139,251,0.7477194593032545,0
59,-18.64168081777948,271,0.7439808620067382,0
60,-42.729854211354876,238,0.7402609576967045,1
61,-43.1450150299816,244,0.736559652908221,0
62,-51.094106224411405,247,0.7328768546436799,0
63,-37.178764035635425,288,0.7292124703704614,0
64,85.61409650569347,253,0.7255664080186092,0
65,-13.5903912279055,285,0.7219385759785161,0
66,-60.871126854845784,273,0.7183288830986235,0
67,23.749180682883825,273,0.7147372386831304,0
68,-59.63728837509894,300,0.7111635524897147,0
69,13.675492254282812,285,0.7076077347272661,0
70,41.568770994562435,239,0.7040696960536298,0
71,-15.70065359823991,250,0.7005493475733616,2
72,-27.191750840982372,275,0.6970466008354949,0
73,-40.86868304912018,296,0.6935613678313174,0
74,-1.5829862599941151,262,0.6900935609921608,0
75,-80,239,0.6866430931872,0
76,-48.725721052618674,253,0.683209877721264,0
77,8.723630081796394,300,0.6797938283326577,0
78,-70.60369739914537,288,0.6763948591909944,0
79,3.343760412571731,250,0.6730128848950394,0
80,15.457109919712657,264,0.6696478204705641,0
81,-26.918741299381352,253,0.6662995813682113,1
82,-43.50395800080902,245,0.6629680834613703,2
83,6.0148960837957794,234,0.6596532430440635,1
84,-6.829975279895664,267,0.6563549768288431,0
85,8.002445802555663,261,0.6530732019446989,0
86,-6.40053265632802,249,0.6498078359349754,1
87,-68.91917811043552,275,0.6465587967553006,0
88,-39.283821839728496,252,0.6433260027715241,0
89,-80,244,0.6401093727576664,0
90,-4.736719606071281,284,0.6369088258938781,0
91,-75.35137137812464,258,0.6337242817644086,0
92,18.21454624909375,259,0.6305556603555866,1
93,-15.570711239652578,258,0.6274028820538087,0
94,4.4142302898697405,300,0.6242658676435396,0
95,42.551351039502386,230,0.6211445383053219,2
96,-42.548157842073834,284,0.6180388156137954,0
97,25.082047182629253,262,0.6149486215357264,1
98,20.28293312194877,257,0.6118738784280477,0
99,-48.692091372343995,286,0.6088145090359075,0
100,-70.70634784797994,264,0.6057704364907279,0
101,-34.60731690925499,223,0.6027415843082743,0
102,-40.10139092762452,300,0.599727876386733,0
103,-26.702202528394405,290,0.5967292370047993,0
104,30.04305614060687,286,0.5937455908197753,0
105,5.7588117856833865,244,0.5907768628656764,0
106,-80,267,0.587822978551348,0
107,19.107043995189123,257,0.5848838636585912,1
108,-60.45419774511751,271,0.5819594443402983,1
109,14.322540648625804,274,0.5790496471185969,1
110,24.607663125383574,285,0.5761543988830038,1
111,-27.20839480443064,264,0.5732736268885888,0
112,-9.533655888368553,241,0.5704072587541459,0
113,-7.508985687933583,234,0.5675552224603752,1
114,-3.4530958026267595,261,0.5647174463480732,1
115,41.281695513498086,275,0.5618938591163328,0
116,15.503187350020998,274,0.5590843898207511,0
117,-7.917492669764858,249,0.5562889678716475,0
118,5.829477857212815,298,0.5535075230322892,0
119,1.506104455057586,259,0.5507399854171278,0
120,10.833129349582169,246,0.5479862854900421,1
121,-65.9048054401641,275,0.5452463540625919,0
122,43.45604217600025,230,0.542520122292279,1
123,-55.44102068170686,289,0.5398075216808176,0
124,-12.35666772501932,261,0.5371084840724134,0
125,9.261132499915462,255,0.5344229416520514,1
126,-26.435912737620885,265,0.5317508269437912,1
127,-23.60442262280688,287,0.5290920728090721,0
128,10.398174641411392,235,0.5264466124450268,1
129,3.2585992633279783,232,0.5238143793828016,1
130,11.12942595860258,271,0.5211953074858876,1
131,12.540562640917173,242,0.5185893309484582,1
132,-22.831123441656185,288,0.515996384293716,0
133,71.89726282539769,212,0.5134164023722474,0
134,1.8571433894787424,199,0.5108493203603861,0
135,20.937532444667482,245,0.5082950737585842,0
136,-27.555093526273826,272,0.5057535983897913,0
137,11.67142210944021,253,0.5032248303978423,0
138,-7.9121410964812915,252,0.5007087062458531,0
139,-80,278,0.4982051627146238,1
140,-20.317643258621892,226,0.4957141369010507,1
141,-69.26987642440348,262,0.4932355662165454,0
142,39.752377123831,229,0.4907693883854627,0
143,-46.181714896681676,271,0.4883155414435354,1
144,-22.499382126096258,223,0.4858739637363177,0
145,17.53102286427029,290,0.4834445939176361,1
146,-53.56572574357861,274,0.4810273709480479,0
147,-77.52235243194357,296,0.4786222340933077,0
148,5.383460366298752,235,0.47622912292284114,0
149,43.440879569240614,234,0.4738479773082269,0
150,47.16909162779792,241,0.4714787374216858,1
151,17.919687995665445,283,0.46912134373457737,1
152,2.851516790286864,217,0.46677573701590447,0
153,6.745146372020707,269,0.46444185833082496,0
154,9.716429716745886,257,0.46211964903917085,0
155,-8.514705215340303,225,0.459809050793975,1
156,-49.90835386483955,254,0.4575100055400051,0
157,0.3395205926033902,224,0.45522245551230506,0
158,9.617256765993226,282,0.45294634323474353,0
159,-23.58007060204716,246,0.45068161151856984,1
160,-48.09681498154183,248,0.44842820346097695,0
161,-20.93432340459779,261,0.4461860624436721,0
162,30.610706853786645,291,0.4439551321314537,0
163,-4.798203338555071,237,0.4417353564707965,0
164,-34.23977914558474,239,0.43952667968844245,0
165,-8.675014404439336,249,0.43732904629000025,1
166,-9.326640709471047,278,0.43514240105855023,0
167,3.796726824416111,281,0.4329666890532575,0
168,-28.12370101427123,252,0.4308018556079912,0
169,-4.329059926755033,240,0.42864784632995123,1
170,-20.271285901595487,272,0.4265046070983015,0
171,61.2701035907858,256,0.42437208406280996,1
172,36.39326085904855,252,0.4222502236424959,0
173,12.41258751316758,219,0.42013897252428345,0
174,-33.073560638754586,230,0.418038277661662,0
175,76.50728005351503,232,0.4159480862733537,0
176,22.6751871020933,264,0.41386834584198695,0
177,69.23953012242787,242,0.41179900411277703,0
178,-0.5061077970419188,292,0.40974000909221314,1
179,46.73792594176405,219,0.40769130904675205,0
180,6.306167788783688,251,0.4056528525015183,0
181,27.65183230475881,243,0.4036245882390107,0
182,-19.186920056159966,243,0.40160646529781563,1
183,8.75518274341828,238,0.3995984329713266,0
184,37.37163576864765,277,0.39760044080646995,0
185,16.511220130982224,244,0.39561243860243755,0
186,-10.233542457173854,250,0.3936343764094254,0
187,30.343581697218042,251,0.39166620452737827,0
188,60.763174257361655,271,0.3897078735047414,1
189,5.302921912523272,277,0.38775933413721764,1
190,58.39234231376147,241,0.38582053746653155,0
191,-28.850046586490627,257,0.3838914347791989,0
192,20.29764984746732,240,0.38197197760530294,0
193,-5.752986539635311,277,0.3800621177172764,0
194,41.668824946366705,239,0.37816180712869,1
195,35.17190295285927,203,0.37627099809304654,0
196,6.548582234348777,235,0.3743896431025813,0
197,74.39630977480766,262,0.37251769488706843,0
198,-4.741751016982963,241,0.37065510641263305,1
199,-17.233350784784943,245,0.3688018308805699,0
200,39.64800384201368,270,0.36695782172616703,0
201,-5.357521460843378,201,0.3651230326175362,1
202,-22.29331736502963,265,0.36329741745444855,1
203,23.462482000576173,279,0.3614809303671763,0
204,-19.970593049727444,260,0.3596735257153404,0
205,45.83313443421562,236,0.35787515808676373,0
206,-18.23495726027029,234,0.35608578229632987,0
207,-13.722166845006587,233,0.35430535338484825,0
208,-31.209223248208268,271,0.352533826617924,0
209,-66.5236769074003,222,0.3507711574848344,1
210,-22.430104711657997,241,0.3490173016974102,0
211,-15.628831419071084,253,0.34727221518892315,0
212,13.53449564493225,254,0.34553585411297855,0
213,49.05952000921829,258,0.34380817484241366,0
214,131.35912654107565,207,0.34208913396820156,0
215,-59.70288894158874,243,0.34037868829836054,0
216,-8.077215144537025,232,0.33867679485686875,1
217,-12.284759355234318,220,0.33698341088258443,1
218,15.29436205769186,231,0.3352984938281715,2
219,-14.66536278096773,244,0.33362200135903064,1
220,0.836967146889041,254,0.33195389135223546,1
221,-34.50610024615821,280,0.3302941218954743,1
222,-15.763718852244871,240,0.3286426512859969,0
223,-6.149780275806773,260,0.32699943802956694,1
224,18.474798426957832,255,0.3253644408394191,0
225,49.50769947662205,246,0.323737618635222,0
226,42.97778317491098,267,0.3221189305420459,0
227,57.27641277568922,262,0.32050833588933564,1
228,7.956790274162712,250,0.31890579420988896,0
229,14.117278492849074,242,0.3173112652388395,0
230,-2.359712547753741,229,0.3157247089126453,0
231,-8.586183178073153,286,0.3141460853680821,0
232,-36.88271572940522,248,0.31257535494124167,0
233,19.42894445381362,255,0.3110124781665355,1
234,62.94923131931522,226,0.3094574157757028,0
235,-6.674218108975005,223,0.30791012869682427,0
236,48.411125602407154,247,0.30637057805334017,0
237,-13.734186987970237,289,0.3048387251630735,1
238,-24.023496634493192,188,0.30331453153725807,0
239,14.847208426222226,203,0.3017979588795718,0
240,46.05083709116282,228,0.30028896908517394,0
241,27.01146354733662,254,0.2987875242397481,0
242,34.51640630169459,242,0.2972935866185493,1
243,3.513835620445791,192,0.29580711868545656,0
244,87.2883761504456,228,0.2943280830920293,0
245,-61.231558791844975,230,0.29285644267656913,0
246,57.03093689189602,246,0.2913921604631863,0
247,50.50056711733366,208,0.2899351996608704,1
248,18.07289640355472,231,0.288485523662566,0
249,53.9522887488892,201,0.2870430960442532,0
250,63.09390873320625,233,0.2856078805640319,1
251,4.331392889052564,250,0.28417984116121175,0
252,22.548389404222263,243,0.2827589419554057,0
253,14.306775541047243,244,0.28134514724562865,0
254,70.60391135913329,242,0.2799384215094005,0
255,-4.608980990341323,249,0.27853872940185354,1
256,-41.39992185348694,220,0.27714603575484426,0
257,-57.665383851018085,248,0.27576030557607,0
258,-19.696507584556365,270,0.2743815040481897,1
259,48.66805598618555,248,0.2730095965279487,0
260,29.010347865091177,238,0.271644548545309,0
261,-19.55657473335838,233,0.27028632580258244,1
262,64.41739164515516,218,0.2689348941735695,1
263,-18.093173730507154,252,0.2675902197027017,1
264,-8.931131516143473,252,0.26625226860418816,1
265,33.108346856630604,258,0.26492100726116724,0
266,78.85556915061602,258,0.26359640222486136,0
267,-0.7945317115159938,265,0.2622784202137371,0
268,-40.81499274494724,219,0.26096702811266836,0
269,16.58461467896825,256,0.259662192972105,0
270,17.27725283269297,241,0.2583638820072445,1
271,27.97416951473157,229,0.2570720625972083,0
272,-3.4498934262301937,240,0.25578670228422223,1
273,54.205537502398066,220,0.2545077687728011,0
274,45.77401224834858,240,0.25323522992893716,0
275,-4.66283906329388,231,0.25196905377929246,0
276,62.66170176318991,233,0.25070920851039596,0
277,22.83538725056016,232,0.249455662467844,0
278,8.589750232610278,264,0.24820838415550478,1
279,15.35039721398916,244,0.24696734223472724,0
280,32.27052751733905,236,0.2457325055235536,0
281,65.2665113566878,216,0.24450384299593586,0
282,35.429941288102604,230,0.24328132378095618,0
283,3.3280282605573746,221,0.2420649171620514,0
284,6.770905854964074,256,0.24085459257624112,0
285,5.864532653446574,241,0.23965031961335992,1
286,-5.936152031488142,245,0.23845206801529312,0
287,14.336111465893053,208,0.23725980767521665,0
288,-30.261718737733688,230,0.23607350863684057,1
289,43.46507046862016,207,0.23489314109365636,0
290,71.23048277850006,231,0.23371867538818808,0
291,22.554212449657626,218,0.23255008201124713,1
292,56.79912559129369,164,0.2313873316011909,0
293,82.7486449801045,216,0.23023039494318495,0
294,56.83124473977773,207,0.22907924296846902,0
295,85.7539019234473,244,0.22793384675362668,0
296,34.14286490906428,256,0.22679417751985856,0
297,65.29315192943196,259,0.22566020663225925,0
298,31.286300862610922,225,0.22453190559909794,1
299,3.9520445367286605,223,0.22340924607110246,0
300,34.1711545326034,220,0.22229219984074694,1
301,49.6215489733863,237,0.2211807388415432,0
302,5.746614219762673,204,0.2200748351473355,0
303,-1.8977473132097593,246,0.2189744609715988,0
304,18.319190177104673,231,0.21787958866674081,1
305,-14.680111912900156,234,0.2167901907234071,2
306,62.293418983823784,203,0.2157062397697901,2
307,44.36112778905013,225,0.21462770857094113,1
308,2.9322399932321623,206,0.21355457002808642,2
309,44.08724401746964,234,0.212486797177946,1
310,94.39999318482438,228,0.21142436319205626,1
311,17.65086017675727,218,0.21036724137609597,0
312,6.501978767709495,212,0.20931540516921548,0
313,39.773512521770044,250,0.20826882814336942,1
314,21.409261903118455,210,0.20722748400265256,1
315,8.666806892267978,258,0.2061913465826393,2
316,54.98638248270646,216,0.20516038984972612,2
317,39.32628745507442,245,0.20413458790047748,3
318,31.293250863509808,244,0.20311391496097508,1
319,56.26222022315834,208,0.20209834538617022,3
320,67.15982756693589,216,0.20108785365923937,0
321,14.031160477284647,224,0.20008241439094315,0
322,52.52779920628767,261,0.19908200231898845,0
323,66.92299657422802,233,0.1980865923073935,0
324,25.413103150595546,208,0.19709615934585653,0
325,22.173084782378524,233,0.19611067854912725,1
326,46.307665608652194,222,0.19513012515638162,0
327,61.081693486289375,242,0.1941544745305997,1
328,50.12778519022384,240,0.1931837021579467,0
329,-14.106824388678646,240,0.19221778364715697,0
330,2.6472788818184796,217,0.19125669472892118,1
331,-30.858108632911097,252,0.19030041125527658,2
332,26.885457080527964,218,0.1893489091990002,0
333,18.316269152559588,214,0.1884021646530052,1
334,28.38567663131953,262,0.18746015382974016,2
335,66.31654671598652,231,0.18652285306059146,1
336,55.81734137353246,217,0.18559023879528852,1
337,42.32941639220459,191,0.18466228760131206,1
338,22.43461915295886,190,0.1837389761633055,1
339,71.67112821024631,223,0.18282028128248898,0
340,38.18970886437237,185,0.18190617987607652,0
341,20.653689668656042,228,0.18099664897669615,1
342,14.746248280847329,205,0.18009166573181265,3
343,36.26278518994514,224,0.1791912074031536,1
344,-11.558556401432774,179,0.17829525136613783,0
345,40.29763407035795,175,0.17740377510930713,2
346,36.87675345385381,202,0.1765167562337606,3
347,28.632461779879122,223,0.1756341724525918,2
348,20.27342500462002,206,0.17475600159032884,1
349,77.29935248268856,188,0.1738822215823772,2
350,63.096385019793644,232,0.17301281047446532,0
351,56.689404381225835,234,0.172147746422093,0
352,15.433381211555826,239,0.1712870076899825,4
353,72.34977190313212,214,0.1704305726515326,3
354,57.88695166333563,206,0.16957841978827493,1
355,48.98208254915408,200,0.16873052768933355,2
356,59.44849087372637,234,0.1678868750508869,0
357,9.979448375704408,238,0.16704744067563246,1
358,72.88171804992572,225,0.1662122034722543,0
359,7.54592718270932,215,0.16538114245489302,0
360,63.76026830580462,215,0.16455423674261857,0
361,48.77534255214315,213,0.16373146555890547,0
362,63.73817741383897,170,0.16291280823111093,1
363,72.12493952418448,221,0.1620982441899554,0
364,16.255600809534084,185,0.1612877529690056,3
365,-10.20661257737892,225,0.16048131420416056,0
366,67.40033625159955,231,0.15967890763313977,0
367,6.13869965941457,213,0.15888051309497409,1
368,23.764375062298186,230,0.1580861105294992,1
369,39.15956257396347,180,0.1572956799768517,2
370,43.13414549376079,196,0.15650920157696743,1
371,54.443810140237765,235,0.1557266555690826,3
372,38.83597104501676,199,0.1549480222912372,1
373,135.09443081533334,225,0.15417328217978102,3
374,56.72937273975671,269,0.1534024157688821,1
375,26.96632892475038,250,0.1526354036900377,1
376,50.26715717598,222,0.1518722266715875,0
377,95.73551402623386,221,0.15111286553822956,2
378,73.37781393135023,227,0.15035730121053842,0
379,29.5601182562273,221,0.14960551470448571,2
380,20.86867394408327,224,0.14885748713096328,0
381,52.99443049307587,199,0.14811319969530848,0
382,80.1344912664744,184,0.14737263369683193,0
383,73.08302932691927,200,0.14663577052834778,1
384,47.127462376965134,218,0.14590259167570604,0
385,4.456139134213139,218,0.14517307871732751,1
386,78.83871932276735,211,0.14444721332374086,1
387,2.0015332713850924,226,0.14372497725712216,0
388,60.60603604410377,187,0.14300635237083656,1
389,67.00553076634117,230,0.14229132060898236,1
390,61.16015116861743,156,0.14157986400593744,0
391,73.3413565890988,187,0.14087196468590776,2
392,-0.3664282658574578,175,0.14016760486247823,0
393,79.34273221159623,160,0.13946676683816583,1
394,73.60580024883751,205,0.138769433003975,1
395,45.46752756968478,226,0.13807558583895513,0
396,51.82041753745627,241,0.13738520790976036,1
397,30.246130366636706,212,0.13669828187021155,1
398,36.80699886363362,154,0.13601479046086049,2
399,50.01954811781255,222,0.1353347165085562,0
400,57.906759004407654,230,0.1346580429260134,2
401,76.28506690241937,215,0.13398475271138333,4
402,61.80690068367538,225,0.13331482894782642,1
403,40.73547391429561,236,0.13264825480308728,0
404,47.82126296581453,200,0.13198501352907185,1
405,27.809200333008302,218,0.1313250884614265,0
406,61.4077060806249,185,0.13066846301911936,0
407,69.83390140293086,226,0.13001512070402377,0
408,35.07171728033052,204,0.12936504510050365,1
409,65.06555390302506,212,0.12871821987500112,5
410,84.21149882354378,221,0.12807462877562611,3
411,53.6222533680313,187,0.12743425563174798,0
412,47.83576787263416,206,0.12679708435358925,2
413,66.77438694352293,236,0.1261630989318213,1
414,37.55810397943557,182,0.1255322834371622,1
415,50.28190183889944,187,0.12490462201997637,1
416,34.060160156718595,225,0.1242800989098765,1
417,80.0048465979242,223,0.12365869841532712,0
418,86.94160322772612,174,0.12304040492325048,0
419,90.47426778138237,214,0.12242520289863422,4
420,88.61375957912311,219,0.12181307688414106,1
421,106.47396349898798,203,0.12120401149972035,0
422,101.48957485960743,183,0.12059799144222175,0
423,94.1356634028077,186,0.11999500148501063,0
424,48.95300215094018,224,0.11939502647758558,2
425,62.88942212197767,204,0.11879805134519765,5
426,51.340651154933894,199,0.11820406108847166,2
427,106.4885404886252,197,0.11761304078302931,0
428,36.702924463552165,192,0.11702497557911416,1
429,49.52228234517376,197,0.11643985070121858,1
430,50.72833418093029,185,0.1158576514477125,2
431,23.871902223194915,236,0.11527836319047394,2
432,37.492555644560305,200,0.11470197137452157,2
433,94.096749979202,182,0.11412846151764895,1
434,70.84569292878867,180,0.11355781921006071,0
435,56.843293624578216,186,0.1129900301140104,3
436,43.50099488664803,157,0.11242507996344035,1
437,105.47523175693834,189,0.11186295456362315,0
438,64.90432682085884,179,0.11130363979080503,2
439,26.34396144207659,222,0.110747121591851,1
440,102.44045461716215,150,0.11019338598389175,2
441,22.285594369610102,160,0.10964241905397229,3
442,64.4408895281054,238,0.10909420695870244,2
443,51.112588858156045,214,0.10854873592390892,1
444,56.30955864221591,181,0.10800599224428938,1
445,69.77495078212691,179,0.10746596228306793,4
446,29.103781435944427,149,0.10692863247165259,1
447,64.0064691226564,219,0.10639398930929432,1
448,80.22602078678241,253,0.10586201936274785,5
449,74.0405423045548,168,0.1053327092659341,2
450,78.49045831420494,214,0.10480604571960443,1
451,51.985138286472576,225,0.10428201549100642,2
452,50.2484670085812,186,0.10376060541355138,1
453,66.97752697114277,173,0.10324180238648363,2
454,117.43815986903347,198,0.10272559337455121,2
455,75.9237179336315,212,0.10221196540767845,0
456,55.28047746848627,184,0.10170090558064006,1
457,89.26178092502502,193,0.10119240105273686,0
458,84.4919154339207,201,0.10068643904747317,2
459,58.96914668257314,213,0.1001830068522358,0
460,63.18331896965768,132,0.09968209181797463,0
461,68.04220533263569,140,0.09918368135888475,2
462,64.39788143480305,201,0.09868776295209034,4
463,77.09636182201442,204,0.09819432413732988,0
464,68.1272234843719,165,0.09770335251664322,0
465,49.52399021467493,199,0.09721483575406001,2
466,106.05615278653826,160,0.09672876157528972,3
467,64.77185311110445,180,0.09624511776741326,2
468,91.30551879168254,160,0.0957638921785762,2
469,95.36102978867353,213,0.09528507271768331,0
470,29.249008450203128,194,0.0948086473540949,1
471,39.56055455058438,186,0.09433460411732442,2
472,73.24455854505271,209,0.0938629310967378,0
473,25.45261544768843,195,0.09339361644125412,2
474,110.62298032796326,172,0.09292664835904783,1
475,82.91089318726665,167,0.0924620151172526,1
476,103.12583669288273,181,0.09199970504166634,0
477,74.46329675141374,192,0.091539706516458,0
478,77.73645303377275,166,0.09108200798387571,0
479,16.77270754509596,163,0.09062659794395633,1
480,75.32745527101461,193,0.09017346495423655,0
481,139.54895939267718,186,0.08972259762946537,4
482,84.74829561091863,167,0.08927398464131804,0
483,80.75627660563283,188,0.08882761471811144,1
484,58.03675521950936,182,0.0883834766445209,1
485,55.890087117742986,159,0.08794155926129829,1
486,99.96244281090334,167,0.0875018514649918,0
487,56.592398289654696,187,0.08706434220766683,2
488,140.75375104464354,179,0.0866290204966285,3
489,56.30816211190179,185,0.08619587539414536,1
490,58.00521407661385,205,0.08576489601717463,0
491,122.02599031655444,150,0.08533607153708876,3
492,25.51245652782758,194,0.08490939117940331,3
493,110.31949694794928,192,0.0844848442235063,2
494,125.54929917160472,219,0.08406242000238877,2
495,98.77575562423439,200,0.08364210790237682,1
496,46.532502480671454,190,0.08322389736286494,2
497,83.30243163224154,171,0.0828077778760506,1
498,102.80658456067535,169,0.08239373898667036,0
499,84.62620088776032,185,0.081981770291737,1
500,84.74578516830114,173,0.08157186144027832,0
501,100.87875727329991,235,0.08116400213307692,0
502,93.48735589541201,204,0.08075818212241154,5
503,148.61768927354032,192,0.08035439121179949,0
504,130.34419904965944,181,0.07995261925574049,1
505,103.22783190575515,163,0.07955285615946178,1
506,51.78933121794447,170,0.07915509187866447,4
507,88.12391214859319,169,0.07875931641927116,0
508,91.10424192071088,173,0.0783655198371748,3
509,89.49824746756225,156,0.07797369223798892,3
510,46.05143215926028,197,0.07758382377679898,3
511,131.00425591575032,170,0.07719590465791498,0
512,88.51815207827177,146,0.07680992513462541,0
513,99.18129056565807,148,0.07642587550895227,0
514,98.53967111647115,123,0.07604374613140752,1
515,60.73714103330755,143,0.07566352740075048,1
516,105.09486600596365,182,0.07528520976374672,2
517,67.21356132877459,174,0.074908783714928,0
518,74.71490834850434,176,0.07453423979635335,1
519,139.25292027046996,178,0.07416156859737158,2
520,67.5935624239554,178,0.07379076075438473,2
521,75.23177727653712,139,0.0734218069506128,1
522,49.33725466682154,157,0.07305469791585974,1
523,99.85370083055994,203,0.07268942442628044,2
524,91.8905348783297,183,0.07232597730414904,0
525,26.45854095196721,216,0.07196434741762829,2
526,88.64565758839326,145,0.07160452568054015,1
527,83.670919815042,115,0.07124650305213745,1
528,77.47115816011649,160,0.07089027053687676,1
529,97.89009632826041,192,0.07053581918419238,0
530,134.5378998903208,179,0.07018314008827141,1
531,45.429888377006264,139,0.06983222438783006,2
532,41.220640269816286,192,0.0694830632658909,1
533,78.01886951244622,130,0.06913564794956145,0
534,62.003756340593355,185,0.06878996970981364,3
535,102.41423007759084,195,0.06844601986126457,1
536,88.02406169543083,193,0.06810378976195826,3
537,121.72695825370116,181,0.06776327081314847,1
538,91.12823509613881,165,0.06742445445908272,1
539,104.01790116289567,159,0.06708733218678731,1
540,74.7363303748218,193,0.06675189552585337,3
541,78.07418938503456,158,0.06641813604822411,3
542,59.9630566595969,195,0.06608604536798299,0
543,113.70156621626202,178,0.06575561514114306,2
544,68.4097092435625,169,0.06542683706543735,1
545,70.70267091093251,188,0.06509970288011016,0
546,95.08981277370748,159,0.06477420436570962,0
547,104.17084169106532,156,0.06445033334388106,0
548,69.17237108452218,157,0.06412808167716166,1
549,115.28622616724638,144,0.06380744126877586,2
550,77.46096949439286,201,0.06348840406243197,1
551,106.4150605664661,154,0.0631709620421198,0
552,38.942370565455874,178,0.06285510723190921,1
553,78.3559421471028,166,0.06254083169574966,1
554,132.57979686367577,162,0.062228127537270916,1
555,74.57184803684692,191,0.06191698689958456,0
556,85.85842432721473,175,0.061607401965086635,2
557,98.01461405527733,183,0.061299364955261205,1
558,110.8132375432447,168,0.0609928681304849,0
559,135.27186365656726,148,0.06068790378983247,0
560,54.71143670630484,171,0.06038446427088331,0
561,67.22239353711534,175,0.060082541949528896,3
562,77.49685059121192,132,0.05978212923978125,1
563,83.42721892936169,163,0.05948321859358234,0
564,102.31552037546604,162,0.05918580250061443,1
565,112.95476164677835,163,0.05888987348811136,4
566,77.62736927483579,153,0.0585954241206708,0
567,141.73675483818323,162,0.058302447000067446,0
568,106.39829554399218,174,0.05801093476506711,2
569,72.40284393118343,158,0.05772088009124177,0
570,150.79239867657498,162,0.057432275690785566,1
571,95.19082403253978,110,0.05714511431233164,1
572,92.07819508121464,159,0.05685938874076998,1
573,109.07862701527883,97,0.05657509179706613,0
574,119.18856327047943,142,0.0562922163380808,1
575,154.51943159723874,179,0.05601075525639039,2
576,84.04166172529958,134,0.05573070148010844,1
577,119.07337020069731,142,0.0554520479727079,0
578,89.40975726417841,166,0.05517478773284436,0
579,84.27289844864177,176,0.05489891379418014,1
580,57.34913100906198,131,0.054624419225209234,2
581,134.21533596572073,157,0.05435129712908319,0
582,63.80536290096393,155,0.05407954064343777,2
583,72.59335538764222,162,0.053809142940220586,2
584,104.40838129569845,158,0.05354009722551948,1
585,141.5695321581327,136,0.05327239673939188,1
586,74.11705194164853,143,0.053006034755694924,1
587,101.49542594060681,123,0.05274100458191645,0
588,105.72440032321737,188,0.05247729955900687,0
589,131.9606829744363,164,0.05221491306121183,2
590,91.5730330801351,128,0.05195383849590577,1
591,63.47924240451214,121,0.051694069303426245,1
592,117.65156068346053,158,0.051435598956909113,2
593,100.03585448335227,119,0.05117842096212456,1
594,129.4440096371663,138,0.050922528857313944,3
595,105.04441963537452,146,0.050667916213027374,1
596,95.57116119377956,148,0.050414576631962235,2
597,152.63362506715794,146,0.05016250374880243,1
598,141.18274881467903,156,0.04991169123005841,3
599,190.00436703890426,192,0.049662132773908116,2
600,112.20395589490063,132,0.04941382211003858,1
601,118.51077774870923,134,0.04916675299948838,3
602,76.82197627701136,170,0.04892091923449094,1
603,130.33723407848754,142,0.04867631463831849,2
604,119.9189131776591,133,0.048432933065126894,1
605,99.00664949627017,132,0.04819076839980126,2
606,111.16151574319339,159,0.047949814557802256,1
607,113.39991133412543,161,0.04771006548501324,1
608,115.40073025347513,155,0.04747151515758818,3
609,134.49440842557726,181,0.04723415758180024,1
610,109.14074680613545,143,0.046997986793891236,3
611,68.51168801448767,166,0.04676299685992178,1
612,92.26524348622706,167,0.04652918187562217,3
613,90.37332030484075,148,0.04629653596624406,1
614,130.90684776069187,119,0.04606505328641284,3
615,129.88377404042632,154,0.04583472801998077,2
616,103.17492261939162,110,0.04560555437988087,4
617,123.22690104936348,135,0.045377526607981465,0
618,135.3354402231876,149,0.04515063897494156,2
619,110.0445026459686,144,0.04492488578006685,4
620,111.69900225743235,169,0.04470026135116651,2
621,111.80241902309045,156,0.04447676004441068,1
622,84.7378478968328,173,0.044254376244188626,3
623,87.56128360270314,146,0.04403310436296769,2
624,95.79873101243564,141,0.043812938841152844,1
625,103.6629563903466,166,0.043593874146947084,1
626,85.13445033997648,113,0.043375904776212344,4
627,129.24191751892124,152,0.043159025252331285,3
628,115.18752329666945,158,0.042943230126069626,2
629,115.92736857053289,131,0.04272851397543928,1
630,94.20753056862361,177,0.04251487140556208,1
631,117.66266506491863,144,0.04230229704853427,0
632,99.63529190213721,118,0.0420907855632916,0
633,134.0407118075685,109,0.041880331635475145,2
634,110.23307090774318,142,0.041670929977297766,2
635,128.91526701099343,143,0.04146257532741128,0
636,90.0719674404832,151,0.04125526245077422,0
637,110.96317644222866,135,0.04104898613852035,2
638,122.24926830980942,170,0.040843741207827744,3
639,121.37570487015326,128,0.04063952250178861,2
640,114.83377943676324,141,0.040436324889279666,1
641,101.7778325418228,80,0.040234143264833266,2
642,136.098466124227,118,0.0400329725485091,2
643,102.02796568933499,136,0.03983280768576655,1
644,104.13893641365274,94,0.03963364364733772,2
645,116.92394929267861,126,0.03943547542910103,3
646,117.2699737729648,139,0.03923829805195553,2
647,122.73936970928061,122,0.03904210656169575,1
648,108.51893614843821,137,0.03884689602888727,4
649,118.65684801223874,117,0.038652661548742834,5
650,135.997578941504,113,0.03845939824099912,2
651,82.7010672180422,144,0.03826710124979412,1
652,134.64597263373693,120,0.038075765743545154,2
653,121.82666861797753,137,0.03788538691482743,0
654,100.08095871638592,145,0.03769595998025329,2
655,120.49333915916954,136,0.03750748018035202,3
656,136.56040035978015,175,0.03731994277945026,2
657,102.70359448258876,145,0.037133343065553014,0
658,135.90939982868804,181,0.03694767635022524,4
659,137.58778453750685,158,0.03676293796847412,1
660,131.83233411358378,132,0.03657912327863175,0
661,133.09885607187258,154,0.036396227662238594,1
662,127.87330527963911,108,0.0362142465239274,0
663,115.24214772984627,130,0.03603317529130776,1
664,113.24816460611311,167,0.03585300941485122,3
665,104.65284825630016,163,0.03567374436777696,2
666,115.10537234929431,134,0.035495375645938076,1
667,113.0192079163373,159,0.03531789876770839,2
668,134.10614924608467,112,0.035141309273869846,1
669,124.81446920120923,163,0.034965602727500496,4
670,115.11903634002368,185,0.03479077471386299,1
671,136.3388930714808,160,0.03461682084029368,1
672,129.35251935386466,156,0.03444373673609221,1
673,117.41167049697188,146,0.03427151805241175,2
674,133.25164444656605,148,0.03410016046214969,2
675,108.40369054283559,148,0.03392965965983894,3
676,124.05019145008282,167,0.03376001136153975,0
677,138.41150664697426,131,0.03359121130473205,4
678,134.8496575389797,168,0.03342325524820839,5
679,118.33852654170934,143,0.033256138971967344,2
680,123.71358284814403,155,0.03308985827710751,2
681,117.25445761157202,129,0.03292440898572197,2
682,94.1983916896045,108,0.03275978694079336,1
683,122.03479921147974,141,0.03259598800608939,2
684,130.16177310562662,163,0.03243300806605895,2
685,137.94591141596024,193,0.032270843025728656,2
686,143.07836217650092,176,0.03210948881060001,0
687,126.13795431555354,178,0.03194894136654701,1
688,77.20328568378345,128,0.031789196659714275,1
689,126.01130044223366,139,0.0316302506764157,2
690,118.86776911838605,179,0.031472099423033625,2
691,130.57118112295151,130,0.031314738925918455,0
692,120.50470918348407,124,0.031158165231288865,0
693,116.11111704384572,118,0.03100237440513242,1
694,138.791910656455,146,0.030847362533106756,2
695,144.64573723661823,155,0.030693125720441222,3
696,101.47487873026324,141,0.030539660091839015,1
697,120.07327101860415,138,0.03038696179137982,0
698,118.19097657076739,150,0.030235026982422922,2
699,121.29403051594909,102,0.030083851847510806,1
700,143.32010026444655,143,0.029933432588273252,3
701,134.40014371623468,124,0.029783765425331888,2
702,110.65276172397607,165,0.029634846598205228,4
703,120.84393442007348,156,0.0294866723652142,2
704,115.94281290469209,130,0.02933923900338813,2
705,140.26158514121292,145,0.029192542808371188,5
706,122.21984693227242,122,0.02904658009432933,1
707,80.18000734434511,151,0.028901347193857688,1
708,134.0980320259581,123,0.028756840457888396,1
709,89.23239215910229,142,0.028613056255598956,3
710,145.80947511160227,95,0.02846999097432096,1
711,97.1694809628336,135,0.028327641019449356,1
712,98.35337827490727,134,0.028186002814352108,2
713,131.89352073489127,145,0.028045072800280346,3
714,117.11506813868255,154,0.027904847436278947,1
715,123.495492196428,192,0.027765323199097552,1
716,111.3676068533643,134,0.027626496583102064,2
717,108.16236816746532,145,0.02748836410018655,2
718,120.31797301358098,123,0.02735092227968562,3
719,119.29056303794242,141,0.02721416766828719,2
720,109.88938614328997,154,0.027078096829945757,3
721,145.0739119179751,168,0.026942706345796028,1
722,136.05112198780512,133,0.026807992814067046,2
723,101.93024453984324,130,0.026673952849996713,2
724,154.8973488647456,137,0.02654058308574673,2
725,124.19578762182718,131,0.026407880170317994,3
726,110.32785728932504,153,0.026275840769466402,2
727,132.76542451830198,132,0.026144461565619073,2
728,107.59228478369928,112,0.026013739257790977,1
729,129.75981052761938,154,0.02588367056150202,1
730,113.93961639644654,150,0.02575425220869451,0
731,110.62571871362654,137,0.025625480947651037,4
732,78.8078384738861,118,0.025497353542912785,1
733,115.67004810720456,89,0.02536986677519822,3
734,119.01155628115148,113,0.02524301744132223,0
735,127.46924335111615,149,0.025116802354115616,2
736,125.37005057400899,124,0.024991218342345037,1
737,121.90324998837295,159,0.024866262250633313,2
738,123.0996259074437,149,0.024741930939380145,1
739,120.66391491371796,149,0.024618221284683245,3
740,135.43559065501614,124,0.024495130178259827,0
741,131.62237996886844,184,0.02437265452736853,3
742,120.68549522728152,134,0.024250791254731688,0
743,115.82050291726699,116,0.02412953729845803,3
744,143.7874154400275,114,0.024008889611965737,0
745,131.84071122317096,71,0.02388884516390591,2
746,137.42065673843285,169,0.02376940093808638,3
747,132.5975641576559,147,0.02365055393339595,2
748,154.27032044041954,138,0.023532301163728966,3
749,113.68168504363074,173,0.023414639657910324,5
750,110.38190213650654,160,0.02329756645962077,0
751,150.70090323972263,121,0.023181078627322667,2
752,126.86206387894826,130,0.023065173234186054,1
753,110.66719919650578,148,0.022949847368015124,2
754,114.76566336318893,144,0.022835098131175048,0
755,100.17590491771291,125,0.022720922640519173,2
756,129.17077406315056,142,0.022607318027316577,1
757,121.09587406700427,99,0.022494281437179995,2
758,91.92978436705145,145,0.022381810029994093,4
759,120.54868617072474,138,0.02226990097984412,1
760,121.90158676894158,122,0.0221585514749449,3
761,120.80852930256343,155,0.022047758717570178,1
762,148.06447704344845,147,0.021937519923982327,3
763,143.72225721897112,124,0.021827832324362414,2
764,109.57577646465444,139,0.021718693162740603,0
765,134.10037236532582,120,0.0216100996969269,2
766,90.22902661090215,144,0.021502049198442265,0
767,133.5112221500717,152,0.021394538952450054,1
768,142.77126535441624,116,0.021287566257687802,2
769,126.13617884042124,145,0.021181128426399364,4
770,116.02526957648344,144,0.021075222784267367,2
771,136.1332107079493,127,0.02096984667034603,3
772,112.8500383332798,185,0.0208649974369943,3
773,127.94732554708827,139,0.02076067244980933,2
774,149.4597244828014,137,0.020656869087560283,3
775,130.5783306981832,107,0.02055358474212248,2
776,116.92961008011713,143,0.020450816818411866,2
777,127.1285481198064,142,0.020348562734319807,0
778,141.6825816115915,144,0.02024681992064821,2
779,130.74859681738323,123,0.02014558582104497,0
780,148.08506058924763,154,0.020044857891939744,1
781,130.15330928028484,132,0.019944633602480045,2
782,131.90663378437839,138,0.019844910434467643,3
783,125.13832527643217,120,0.019745685882295305,1
784,150.02946149264932,118,0.019646957452883827,1
785,135.02336095295487,142,0.01954872266561941,0
786,141.78730164957753,142,0.019450979052291314,1
787,119.6770038400278,140,0.019353724157029857,5
788,99.76302471578516,112,0.019256955536244708,0
789,148.4308484135066,82,0.019160670758563484,2
790,141.44867866318245,125,0.019064867404770664,3
791,113.10413052617704,134,0.018969543067746814,4
792,124.14464267570514,125,0.01887469535240808,1
793,131.26870438028337,177,0.018780321875646037,2
794,142.02438043660626,124,0.01868642026626781,4
795,118.54840199868677,105,0.01859298816493647,2
796,139.23267315739866,123,0.018500023224111786,2
797,123.44251544712898,130,0.018407523107991226,1
798,135.3795223667764,124,0.01831548549245127,2
799,146.22566048149346,136,0.018223908064989015,0
800,138.56366064941977,147,0.01813278852466407,4
801,143.33841749740694,113,0.01804212458204075,2
802,141.61690805957457,132,0.017951913959130546,1
803,126.70343281520768,140,0.017862154389334892,1
804,136.2154221644665,125,0.017772843617388217,1
805,150.4605341220424,145,0.017683979399301275,3
806,145.420295832445,149,0.01759555950230477,1
807,170.11129263331264,106,0.017507581704793246,3
808,123.08495739787236,126,0.01742004379626928,0
809,142.85695179590772,158,0.017332943577287933,3
810,150.21942547147884,116,0.017246278859401495,2
811,158.33540104553578,137,0.017160047465104487,0
812,128.40410635056267,117,0.017074247227778963,2
813,137.93432406970715,125,0.01698887599164007,1
814,113.83267766397385,121,0.01690393161168187,1
815,81.70672812082643,138,0.016819411953623457,4
816,129.97614591151276,107,0.01673531489385534,4
817,111.4105479417902,141,0.016651638319386063,3
818,139.40993736418292,111,0.016568380127789134,3
819,152.3313420162083,120,0.01648553822715019,3
820,137.2924035984373,115,0.016403110536014436,4
821,131.70870145571033,92,0.016321094983334363,2
822,117.23036039003439,127,0.016239489508417693,2
823,133.7479150155468,141,0.016158292060875604,0
824,141.898404722537,150,0.016077500600571226,1
825,137.18045104423916,105,0.01599711309756837,2
826,131.69906187673914,101,0.01591712753208053,1
827,132.59800584926452,145,0.015837541894420125,2
828,99.74723891068896,140,0.015758354184948024,4
829,135.31888049530986,100,0.015679562414023285,1
830,135.21327478659208,102,0.015601164601953169,2
831,142.92483952612815,121,0.015523158778943402,1
832,150.29991203470635,126,0.015445542985048685,0
833,137.89660844362865,133,0.015368315270123441,4
834,134.71494435748014,130,0.015291473693772824,2
835,126.04751827250003,127,0.01521501632530396,3
836,156.04169709181252,99,0.01513894124367744,3
837,119.63037893075301,89,0.015063246537459054,3
838,128.21148140087124,117,0.014987930304771758,3
839,125.94003369078023,118,0.0149129906532479,4
840,142.93280535385614,144,0.01483842569998166,2
841,130.2577045113599,147,0.01476423357148175,2
842,149.71450911540288,113,0.014690412403624342,2
843,146.3053872657576,135,0.01461696034160622,3
844,123.84148214168532,150,0.01454387553989819,0
845,137.20588543217275,132,0.014471156162198698,3
846,118.56423829188894,106,0.014398800381387704,3
847,121.0788815209749,106,0.014326806379480765,5
848,132.116826260386,127,0.014255172347583361,4
849,123.14703095757008,123,0.014183896485845445,0
850,151.16107035752654,108,0.014112977003416217,2
851,165.40476932397854,121,0.014042412118399137,3
852,132.20644327458444,83,0.013972200057807142,3
853,135.36309195288098,145,0.013902339057518105,1
854,150.44659056259312,98,0.013832827362230515,2
855,161.74478077413977,122,0.013763663225419363,1
856,181.6933562170393,132,0.013694844909292266,1
857,145.49986908090156,128,0.013626370684745804,3
858,156.17436449734674,160,0.013558238831322074,1
859,159.00984554155792,143,0.013490447637165464,4
860,145.82777675081596,99,0.013422995398979638,2
861,142.1141074533214,81,0.01335588042198474,2
862,137.16653585191906,114,0.013289101019874815,1
863,157.40941875166146,147,0.01322265551477544,1
864,128.8807430182853,122,0.013156542237201564,1
865,130.1381008120931,115,0.013090759526015556,1
866,121.93880409666806,125,0.013025305728385478,1
867,139.1071920596157,138,0.01296017919974355,2
868,138.06735306651203,107,0.012895378303744832,0
869,122.13670809197677,86,0.012830901412226108,0
870,158.85105556846696,111,0.012766746905164978,2
871,125.21194718524029,125,0.012702913170639154,3
872,142.2405880908548,142,0.012639398604785957,1
873,150.1471270697998,105,0.012576201611762027,2
874,130.79541267935002,133,0.012513320603703217,4
875,132.98003608718952,154,0.0124507540006847,1
876,156.5370291073443,115,0.012388500230681276,1
877,139.93500162845604,95,0.01232655772952787,1
878,159.7460707134903,113,0.012264924940880231,2
879,125.14158468041867,128,0.01220360031617583,1
880,118.74538850672604,120,0.012142582314594952,3
881,150.15203993306844,103,0.012081869403021975,5
882,150.15618087102115,140,0.012021460056006867,3
883,117.5864335975788,118,0.011961352755726832,1
884,94.33387758724066,71,0.011901545991948198,4
885,124.15180918229937,118,0.011842038261988456,1
886,141.41920118686164,109,0.011782828070678514,2
887,165.2597093483905,125,0.011723913930325121,3
888,161.20281006167704,115,0.011665294360673496,1
889,145.52559647594234,129,0.011606967888870128,3
890,143.32360360091303,83,0.011548933049425779,0
891,158.4901319000888,102,0.011491188384178648,4
892,146.37577090155568,96,0.011433732442257755,1
893,152.19046875786472,114,0.011376563780046466,0
894,119.38435230048546,124,0.011319680961146234,2
895,138.92478063303582,108,0.011263082556340504,4
896,134.74411241166328,91,0.0112067671435588,1
897,163.0645848914377,113,0.011150733307841006,3
898,139.49139976588825,144,0.011094979641301801,3
899,130.18782143279034,124,0.011039504743095292,1
900,146.24115910065686,101,0.010984307219379815,3
901,142.51250771110722,163,0.010929385683282916,1
902,139.73058944975634,138,0.010874738754866503,1
903,150.89837511762167,94,0.01082036506109217,0
904,149.36997317593162,101,0.010766263235786708,1
905,125.66897042876471,130,0.010712431919607775,2
906,147.77447827364318,144,0.010658869760009735,4
907,133.86546340785236,123,0.010605575411209687,2
908,142.64819744482435,139,0.010552547534153639,2
909,164.3579726051722,105,0.01049978479648287,4
910,142.4674210419022,126,0.010447285872500456,2
911,127.67172406302261,122,0.010395049443137953,2
912,129.37897956708883,129,0.010343074195922264,2
913,132.76983465448006,120,0.010291358824942653,0
914,120.82422351393585,98,0.010239902030817939,0
915,133.18758437617296,119,0.01018870252066385,2
916,162.58744974264374,100,0.010137759008060531,1
917,143.93957336428218,130,0.010087070213020228,1
918,140.47786502371613,139,0.010036634861955126,1
919,144.86643828290485,128,0.01,1
920,170.01820414197059,99,0.01,2
921,161.3149051656451,131,0.01,2
922,188.36766806484587,109,0.01,3
923,148.88899696834923,168,0.01,1
924,162.95113127609488,84,0.01,2
925,134.6357627297657,101,0.01,2
926,123.37203238277522,95,0.01,2
927,130.29692086482697,108,0.01,2
928,156.1743811643595,120,0.01,4
929,136.7574847941718,133,0.01,2
930,144.83291674795274,93,0.01,3
931,167.61659904879457,163,0.01,1
932,188.57927394843801,98,0.01,1
933,160.44868689207075,155,0.01,1
934,147.71869974117502,108,0.01,1
935,156.6940293730705,128,0.01,2
936,180.46394710846144,149,0.01,0
937,186.8754118304291,98,0.01,1
938,154.94015545432353,119,0.01,1
939,164.239575947069,122,0.01,2
940,158.24336481444516,100,0.01,3
941,165.08128489219214,121,0.01,2
942,152.69513691301415,139,0.01,0
943,139.3569699357695,123,0.01,1
944,161.41144473131433,118,0.01,1
945,125.47110904262435,109,0.01,4
946,162.3211225545717,122,0.01,2
947,104.95254076408463,128,0.01,1
948,166.15374813112703,112,0.01,5
949,148.99508070469471,110,0.01,4
950,152.95555323428985,122,0.01,4
951,163.4832965102686,108,0.01,1
952,144.22252884209126,127,0.01,1
953,138.1038372115215,103,0.01,1
954,98.3200386734206,108,0.01,1
955,143.60502273159582,82,0.01,5
956,133.32104315685828,115,0.01,1
957,185.9745720945574,113,0.01,2
958,171.49087908532383,98,0.01,3
959,155.8230876482359,109,0.01,2
960,151.77654447039205,84,0.01,2
961,165.6680877839634,95,0.01,2
962,169.27336214699554,109,0.01,2
963,153.5722879875151,146,0.01,2
964,141.0755957187358,111,0.01,2
965,139.08396165353474,109,0.01,1
966,139.39558018513276,165,0.01,0
967,138.18868390588477,120,0.01,2
968,182.24883408960667,126,0.01,0
969,172.40358640389275,95,0.01,2
970,174.003637119767,103,0.01,3
971,168.61216675698904,138,0.01,2
972,169.83340869611996,72,0.01,3
973,154.0805646512385,115,0.01,3
974,149.77675476635645,99,0.01,1
975,159.3237346047435,112,0.01,5
976,173.16260133731663,107,0.01,3
977,143.04202983962244,118,0.01,2
978,166.9906698480526,117,0.01,1
979,148.68517701139103,102,0.01,1
980,146.8769580711811,92,0.01,1
981,151.7298264488454,86,0.01,2
982,160.83659193099416,102,0.01,4
983,159.10807115063076,114,0.01,3
984,136.79786956571556,105,0.01,3
985,124.38459980562521,111,0.01,3
986,151.17408596919603,126,0.01,1
987,86.95354809842082,142,0.01,4
988,153.87337477297353,119,0.01,4
989,156.10638231296443,104,0.01,0
990,167.52100671755687,122,0.01,1
991,152.62154492842862,131,0.01,0
992,151.40915502415658,119,0.01,0
993,143.25982723149238,117,0.01,2
994,150.0395891427854,133,0.01,1
995,174.01875974212268,72,0.01,1
996,160.3435603259443,83,0.01,3
997,164.65469580030503,129,0.01,3
998,143.1506673005314,131,0.01,1
999,134.01676368585515,117,0.01,2
1000,155.4896063749067,135,0.01,3
